-- phpMyAdmin SQL Dump
-- version 3.4.11.1deb2
-- http://www.phpmyadmin.net
--
-- Host: localhost
-- Generation Time: Aug 19, 2020 at 05:38 AM
-- Server version: 5.5.31
-- PHP Version: 5.4.4-14+deb7u5

SET SQL_MODE="NO_AUTO_VALUE_ON_ZERO";
SET time_zone = "+00:00";


/*!40101 SET @OLD_CHARACTER_SET_CLIENT=@@CHARACTER_SET_CLIENT */;
/*!40101 SET @OLD_CHARACTER_SET_RESULTS=@@CHARACTER_SET_RESULTS */;
/*!40101 SET @OLD_COLLATION_CONNECTION=@@COLLATION_CONNECTION */;
/*!40101 SET NAMES utf8 */;

--
-- Database: `obligatorio`
--

-- --------------------------------------------------------

--
-- Table structure for table `instructores`
--

CREATE TABLE IF NOT EXISTS `instructores` (
  `instructor_id` int(11) NOT NULL AUTO_INCREMENT,
  `nombre` varchar(255) NOT NULL,
  `apellido` varchar(255) NOT NULL,
  `fecha_nacimiento` date NOT NULL,
  `ci` varchar(255) NOT NULL,
  `vencimiento` date NOT NULL,
  PRIMARY KEY (`instructor_id`)
) ENGINE=InnoDB  DEFAULT CHARSET=utf8 AUTO_INCREMENT=3 ;

--
-- Dumping data for table `instructores`
--

INSERT INTO `instructores` (`instructor_id`, `nombre`, `apellido`, `fecha_nacimiento`, `ci`, `vencimiento`) VALUES
(1, 'Juan', 'Manuel', '1978-08-07', '1.784.956-8', '2023-08-30'),
(2, 'Roberto', 'Perez', '1990-08-05', '1.234.952-7', '2021-07-30');

-- --------------------------------------------------------

--
-- Table structure for table `libretas`
--

CREATE TABLE IF NOT EXISTS `libretas` (
  `libreta_id` int(11) NOT NULL AUTO_INCREMENT,
  `fecha` date NOT NULL,
  `usuario_id` int(11) NOT NULL,
  PRIMARY KEY (`libreta_id`)
) ENGINE=InnoDB  DEFAULT CHARSET=utf8 AUTO_INCREMENT=6 ;

-- --------------------------------------------------------

--
-- Table structure for table `reservas`
--

CREATE TABLE IF NOT EXISTS `reservas` (
  `reserva_id` int(11) NOT NULL AUTO_INCREMENT,
  `fecha` date NOT NULL,
  `hora` int(11) NOT NULL,
  `instructor_id` int(11) NOT NULL,
  `usuario_id` int(11) NOT NULL,
  PRIMARY KEY (`reserva_id`)
) ENGINE=InnoDB  DEFAULT CHARSET=utf8 AUTO_INCREMENT=245 ;

--
-- Dumping data for table `reservas`
--

INSERT INTO `reservas` (`reserva_id`, `fecha`, `hora`, `instructor_id`, `usuario_id`) VALUES
(57, '2020-08-19', 7, 1, 13),
(58, '2020-08-20', 7, 1, 15),
(59, '2020-08-21', 13, 1, 15),
(60, '2020-08-21', 14, 1, 15),
(61, '2020-08-21', 10, 1, 15),
(62, '2020-08-24', 14, 1, 15),
(63, '2020-08-25', 15, 1, 15),
(64, '2020-08-25', 13, 1, 15),
(65, '2020-08-26', 7, 1, 15),
(66, '2020-08-20', 11, 1, 15),
(67, '2020-08-28', 20, 1, 15),
(68, '2020-08-28', 7, 1, 15),
(69, '2020-08-31', 12, 1, 15),
(70, '2020-08-27', 15, 1, 15),
(71, '2020-08-26', 14, 1, 15),
(72, '2020-08-27', 7, 1, 15),
(73, '2020-08-20', 19, 1, 15),
(74, '2020-08-20', 8, 1, 16),
(75, '2020-08-21', 7, 1, 16),
(76, '2020-08-21', 11, 1, 16),
(77, '2020-08-24', 11, 1, 16),
(78, '2020-08-25', 7, 1, 16),
(79, '2020-08-26', 8, 1, 16),
(80, '2020-08-27', 9, 1, 16),
(81, '2020-08-28', 12, 1, 16),
(82, '2020-08-31', 18, 1, 16),
(83, '2020-08-27', 10, 1, 16),
(84, '2020-08-31', 16, 1, 16),
(85, '2020-08-24', 13, 1, 16),
(86, '2020-08-25', 20, 1, 16),
(87, '2020-08-20', 9, 1, 17),
(88, '2020-08-20', 12, 1, 17),
(89, '2020-08-21', 12, 1, 17),
(90, '2020-08-21', 15, 1, 17),
(91, '2020-08-24', 7, 1, 17),
(92, '2020-08-24', 8, 1, 17),
(93, '2020-08-24', 9, 1, 17),
(94, '2020-08-25', 8, 1, 17),
(95, '2020-08-25', 9, 1, 17),
(96, '2020-08-25', 10, 1, 17),
(97, '2020-08-26', 13, 1, 17),
(98, '2020-08-26', 15, 1, 17),
(99, '2020-08-27', 8, 1, 17),
(100, '2020-08-26', 9, 1, 17),
(101, '2020-08-26', 10, 1, 17),
(102, '2020-08-27', 17, 1, 17),
(103, '2020-08-27', 18, 1, 17),
(104, '2020-08-27', 14, 1, 17),
(105, '2020-08-27', 13, 1, 17),
(106, '2020-08-28', 19, 1, 17),
(107, '2020-08-31', 10, 1, 17),
(108, '2020-08-31', 9, 1, 17),
(109, '2020-08-31', 11, 1, 17),
(110, '2020-08-20', 13, 1, 18),
(111, '2020-08-20', 14, 1, 18),
(112, '2020-08-21', 8, 1, 18),
(113, '2020-08-21', 16, 1, 18),
(114, '2020-08-24', 15, 1, 18),
(115, '2020-08-24', 16, 1, 18),
(116, '2020-08-25', 11, 1, 18),
(117, '2020-08-25', 12, 1, 18),
(118, '2020-08-26', 11, 1, 18),
(119, '2020-08-27', 12, 1, 18),
(120, '2020-08-19', 8, 1, 15),
(121, '2020-08-27', 11, 1, 18),
(122, '2020-08-28', 8, 1, 18),
(123, '2020-08-28', 10, 1, 18),
(124, '2020-08-28', 9, 1, 18),
(125, '2020-08-31', 7, 1, 18),
(126, '2020-08-31', 8, 1, 18),
(127, '2020-08-20', 15, 1, 18),
(128, '2020-08-19', 9, 1, 18),
(129, '2020-08-19', 10, 1, 18),
(130, '2020-08-19', 11, 1, 18),
(131, '2020-08-20', 10, 1, 13),
(132, '2020-08-20', 16, 1, 13),
(133, '2020-08-20', 17, 1, 13),
(134, '2020-08-21', 9, 1, 13),
(135, '2020-08-21', 17, 1, 13),
(136, '2020-08-21', 18, 1, 13),
(137, '2020-08-24', 10, 1, 13),
(138, '2020-08-24', 17, 1, 13),
(139, '2020-08-24', 18, 1, 13),
(140, '2020-08-25', 14, 1, 13),
(141, '2020-08-25', 16, 1, 13),
(142, '2020-08-25', 17, 1, 13),
(143, '2020-08-26', 12, 1, 13),
(144, '2020-08-26', 16, 1, 13),
(145, '2020-08-26', 17, 1, 13),
(146, '2020-08-27', 16, 1, 13),
(147, '2020-08-27', 19, 1, 13),
(148, '2020-08-27', 20, 1, 13),
(149, '2020-08-28', 11, 1, 13),
(150, '2020-08-28', 13, 1, 13),
(151, '2020-08-28', 14, 1, 13),
(152, '2020-08-31', 13, 1, 13),
(153, '2020-08-31', 14, 1, 13),
(154, '2020-08-31', 15, 1, 13),
(155, '2020-08-20', 18, 1, 14),
(156, '2020-08-20', 20, 1, 14),
(157, '2020-08-21', 20, 1, 14),
(158, '2020-08-21', 19, 1, 14),
(159, '2020-08-20', 7, 2, 14),
(160, '2020-08-20', 8, 2, 14),
(161, '2020-08-24', 7, 2, 13),
(162, '2020-08-24', 12, 1, 14),
(163, '2020-08-24', 19, 1, 14),
(164, '2020-08-24', 20, 1, 14),
(165, '2020-08-24', 8, 2, 14),
(166, '2020-08-24', 9, 2, 14),
(167, '2020-08-24', 10, 2, 14),
(168, '2020-08-21', 7, 2, 14),
(169, '2020-08-21', 8, 2, 14),
(170, '2020-08-21', 9, 2, 14),
(171, '2020-08-25', 18, 1, 14),
(172, '2020-08-25', 19, 1, 14),
(173, '2020-08-26', 18, 1, 14),
(174, '2020-08-26', 19, 1, 14),
(175, '2020-08-26', 20, 1, 14),
(176, '2020-08-28', 15, 1, 14),
(177, '2020-08-28', 16, 1, 14),
(178, '2020-08-28', 18, 1, 14),
(179, '2020-08-19', 7, 2, 14),
(180, '2020-08-19', 8, 2, 14),
(181, '2020-08-19', 9, 2, 14),
(182, '2020-08-20', 9, 2, 14),
(183, '2020-08-20', 10, 2, 15),
(184, '2020-08-20', 12, 2, 15),
(185, '2020-08-20', 13, 2, 15),
(186, '2020-08-19', 10, 2, 15),
(187, '2020-08-19', 11, 2, 15),
(188, '2020-08-19', 12, 2, 15),
(189, '2020-08-21', 11, 2, 15),
(190, '2020-08-21', 12, 2, 15),
(191, '2020-08-21', 15, 2, 15),
(192, '2020-08-21', 10, 2, 16),
(193, '2020-08-21', 13, 2, 16),
(194, '2020-08-21', 14, 2, 16),
(195, '2020-08-21', 16, 2, 16),
(196, '2020-08-20', 11, 2, 16),
(197, '2020-08-20', 14, 2, 16),
(198, '2020-08-20', 15, 2, 16),
(199, '2020-08-20', 16, 2, 17),
(200, '2020-08-20', 17, 2, 17),
(201, '2020-08-20', 18, 2, 17),
(202, '2020-08-21', 17, 2, 17),
(203, '2020-08-21', 18, 2, 17),
(204, '2020-08-21', 19, 2, 17),
(205, '2020-08-19', 13, 2, 17),
(206, '2020-08-19', 14, 2, 17),
(207, '2020-08-19', 15, 2, 17),
(208, '2020-08-20', 19, 2, 18),
(209, '2020-08-20', 20, 2, 18),
(210, '2020-08-21', 20, 2, 18),
(211, '2020-08-19', 16, 2, 18),
(212, '2020-08-19', 17, 2, 18),
(213, '2020-08-19', 18, 2, 18),
(214, '2020-08-14', 7, 1, 21),
(215, '2020-08-14', 8, 1, 21),
(216, '2020-08-14', 9, 1, 21),
(217, '2020-08-14', 10, 2, 21),
(218, '2020-08-14', 11, 2, 21),
(219, '2020-08-14', 12, 2, 21),
(220, '2020-08-14', 13, 2, 21),
(221, '2020-08-14', 13, 1, 21),
(222, '2020-08-14', 14, 1, 21),
(223, '2020-08-14', 15, 1, 21),
(224, '2020-08-14', 16, 1, 21),
(225, '2020-08-14', 17, 2, 21),
(226, '2020-08-14', 18, 2, 21),
(227, '2020-08-14', 19, 2, 21),
(228, '2020-08-15', 7, 2, 21),
(230, '2020-08-11', 7, 1, 24),
(231, '2020-08-11', 8, 1, 24),
(232, '2020-08-11', 9, 1, 24),
(233, '2020-08-11', 10, 1, 24),
(234, '2020-08-11', 11, 1, 24),
(235, '2020-08-11', 12, 2, 24),
(236, '2020-08-11', 13, 2, 24),
(237, '2020-08-11', 14, 2, 24),
(238, '2020-08-11', 15, 2, 24),
(239, '2020-08-11', 16, 2, 24),
(240, '2020-08-11', 17, 2, 24),
(241, '2020-08-11', 18, 1, 24),
(242, '2020-08-11', 19, 2, 24),
(243, '2020-08-11', 20, 2, 24),
(244, '2020-08-12', 20, 2, 24);

-- --------------------------------------------------------

--
-- Table structure for table `usuarios`
--

CREATE TABLE IF NOT EXISTS `usuarios` (
  `usuario_id` int(11) NOT NULL AUTO_INCREMENT,
  `email` varchar(255) NOT NULL,
  `password` varchar(255) NOT NULL,
  `nombre` varchar(255) NOT NULL,
  `apellido` varchar(255) NOT NULL,
  `ci` varchar(255) NOT NULL,
  `direccion` varchar(255) NOT NULL,
  `fecha_nacimiento` date NOT NULL,
  `usuario_tipo_id` int(11) NOT NULL,
  PRIMARY KEY (`usuario_id`)
) ENGINE=InnoDB  DEFAULT CHARSET=utf8 AUTO_INCREMENT=27 ;

--
-- Dumping data for table `usuarios`
--

INSERT INTO `usuarios` (`usuario_id`, `email`, `password`, `nombre`, `apellido`, `ci`, `direccion`, `fecha_nacimiento`, `usuario_tipo_id`) VALUES
(1, 'admin', '21232f297a57a5a743894a0e4a801fc3', '', '', '', '', '1990-01-01', 1),
(13, 'raulgomez@gmail.com', 'd9c2cd9ac8ae9e5280ae3696da70a139', 'Raúl', 'Gomez', '1.234.567-8', '18 de Julio 3040', '1990-08-12', 3),
(14, 'patriciaperez@gmail.com', '62c882cae9d487dffdcbbecae0bb6ad7', 'Patricia', 'Perez', '2.345.678-9', 'Bvr. Artigas 1234', '1983-06-24', 3),
(15, 'monicanieto@gmail.com', '0af72c0a63c4a98218f96ee301bdd5f4', 'Monica', 'Nieto', '3.456.789-1', 'Canelones 3456', '1974-11-14', 3),
(16, 'amanciovicuna@gmail.com', 'b4015a012d3dffde8c7a2a8e2e7334bb', 'Amancio', 'Vicuña', '4.567.890-2', 'Buenos Aires 9087', '1990-08-11', 3),
(17, 'ideavilarino@gmail.com', '9b271a86068248c67f7c1257600929e4', 'Idea', 'Vilariño', '5.678.901-2', 'Maldonado 3456', '1960-02-17', 3),
(18, 'pabloruperto@gmail.com', '0768bb4366a5388cdc9117810388473e', 'Pablo', 'Ruperto', '6.789.123-4', 'Garzon 9087', '1964-10-16', 3),
(19, 'rubenrada@gmail.com', '176238df8a81f89eb2fede0b4116995b', 'Ruben', 'Rada', '7.890.123-4', 'Cuareim 7645', '1952-04-12', 2),
(20, 'lourdesmartinez@gmail.com', 'f3bc50ba4e67fb6e70ffb89e6d60e065', 'Lourdes', 'Martinez', '8.901.234-5', 'Uruguay 4563', '1988-11-25', 2),
(21, 'luciaacosta@gmail.com', '1227aa5ebfdb549d8d9dceccb4849981', 'Lucía', 'Acosta', '9.012.345-6', 'Rivera 87652', '1999-12-17', 3),
(22, 'martincastro@gmail.com', '987f6c3ed52eea0e00f48f838d330911', 'Martín', 'Castro', '1.234.567-8', 'Paraguay 8764', '1985-01-30', 2),
(23, 'pedroicandia@gmail.com', '1ad7cf03bd533bd507c26c394aba1360', 'Pedro', 'Icandia', '2.345.678-9', '18 de Julio 1234', '1983-08-10', 2),
(24, 'juancardozo@gmail.com', '7a78cf86fac752d0fa7ecbd2597933fb', 'Juan', 'Cardozo', '3.456.789-0', 'Mercedes 6789', '1995-09-21', 3),
(25, 'javiergimenez@gmail.com', 'fd8557d05cf19c9fff708e54c230a111', 'Javier', 'Gimenez', '4.567.890-2', 'Andes 1543', '1997-09-22', 2),
(26, 'jhonpaul@gmail.com', '2e69f107d4be5f743461cb66d55d5e6e', 'Jhon', 'Paul', '5.678.901-2', 'Ejido 6743', '1980-08-15', 2);

-- --------------------------------------------------------

--
-- Table structure for table `usuarios_tipos`
--

CREATE TABLE IF NOT EXISTS `usuarios_tipos` (
  `usuario_tipo_id` int(11) NOT NULL AUTO_INCREMENT,
  `descripcion` varchar(255) NOT NULL,
  PRIMARY KEY (`usuario_tipo_id`)
) ENGINE=InnoDB  DEFAULT CHARSET=utf8 AUTO_INCREMENT=4 ;

--
-- Dumping data for table `usuarios_tipos`
--

INSERT INTO `usuarios_tipos` (`usuario_tipo_id`, `descripcion`) VALUES
(1, 'Administrador'),
(2, 'Usuario'),
(3, 'Cliente');

/*!40101 SET CHARACTER_SET_CLIENT=@OLD_CHARACTER_SET_CLIENT */;
/*!40101 SET CHARACTER_SET_RESULTS=@OLD_CHARACTER_SET_RESULTS */;
/*!40101 SET COLLATION_CONNECTION=@OLD_COLLATION_CONNECTION */;
